City,Temperature (f),Latitude,Longitude,Humidity (%),Cloudiness (%),Wind Speed (mph)
Östersund,44.6,63.18,14.64,93,77,3.36
Kīhei,79.61,20.79,-156.47,45,40,25.28
Panguna,78.71,-6.32,155.48,78,81,1.32
George Town,83.05,5.41,100.34,83,40,4.7
Ushuaia,32.0,-54.8,-68.3,92,40,17.22
Vaini,75.2,-21.2,-175.2,69,40,9.17
Marzuq,78.62,14.4,46.47,62,36,8.63
Puerto Ayora,66.99,-0.74,-90.35,92,23,6.85
Busselton,55.26,-33.65,115.33,62,21,16.58
Airai,70.05,-8.93,125.41,58,29,5.59
Hilo,75.61,19.73,-155.09,58,90,6.93
Rincon,79.72,32.3,-81.24,70,40,4.81
Neiafu,77.0,-18.65,-173.98,78,75,9.17
Karratha,79.81,-20.74,116.85,25,0,14.72
Lexington,72.46,37.99,-84.48,56,1,5.14
Goderich,64.33,43.75,-81.72,84,0,2.91
Nome,56.37,64.5,-165.41,66,1,20.8
Mataura,46.67,-46.19,168.86,81,97,4.14
Kidal,87.06,18.44,1.41,40,41,14.58
São João da Barra,71.64,-21.64,-41.05,81,0,5.66
Cape Town,50.04,-33.93,18.42,66,75,10.29
Dikson,39.42,73.51,80.55,98,100,13.51
Upernavik,39.99,72.79,-56.15,89,99,19.71
Harper,75.33,4.38,-7.72,83,100,10.27
Rikitea,72.7,-23.12,-134.97,84,100,15.21
Albany,75.04,42.6,-73.97,65,12,6.64
Atuona,79.45,-9.8,-139.03,78,42,16.71
Talcahuano,46.4,-36.72,-73.12,87,3,9.17
Punta Arenas,33.39,-53.15,-70.92,86,98,4.32
Hermanus,48.99,-34.42,19.23,76,100,8.01
Santa Rosa,88.97,14.31,121.11,74,20,5.82
Sigli,84.25,5.38,95.96,65,66,1.39
Port Elizabeth,50.0,-33.92,25.57,81,40,32.21
Bengkulu,82.42,-3.8,102.27,69,100,3.89
Yellowknife,57.09,62.46,-114.35,100,90,18.34
Bayir,71.6,37.27,28.22,73,0,4.7
Cherskiy,66.99,68.75,161.3,44,100,7.27
Tuktoyaktuk,64.4,69.45,-133.04,52,75,8.05
Hasaki,74.98,35.73,140.83,88,75,6.93
Naduvattam,57.76,11.48,76.57,100,100,2.48
Marsh Harbour,83.73,26.54,-77.06,76,100,9.26
Tautira,77.0,-17.73,-149.15,88,75,12.75
Bluff,48.67,-46.6,168.33,74,81,13.22
Vostok,70.41,46.49,135.88,88,71,2.28
Bilibino,66.09,68.05,166.44,50,100,7.23
Severo-Kuril'sk,51.78,50.68,156.12,84,94,2.95
Inhambane,59.74,-23.86,35.38,70,0,10.16
Yar-Sale,56.16,66.83,70.83,57,52,19.26
Castro,60.24,-24.79,-50.01,93,5,5.5
Ponta do Sol,65.12,32.67,-17.1,82,20,3.36
Chui,36.99,-33.7,-53.46,78,0,10.02
Schrems,44.65,48.78,15.07,86,95,3.74
Sabang,81.99,5.89,95.32,76,88,4.09
San Juan,39.33,-31.54,-68.54,72,0,0.22
Taksimo,81.54,56.34,114.88,43,95,1.86
Ostrovnoy,48.42,68.05,39.51,76,64,4.99
Arman',67.59,59.7,150.17,58,97,7.07
Pangnirtung,53.94,66.15,-65.71,55,100,3.15
Drummondville,69.01,45.88,-72.48,89,15,4.45
Erie,65.57,42.77,-78.67,83,40,3.36
Jaynagar,84.47,26.58,86.15,76,68,9.06
Nelson Bay,61.25,-32.72,152.15,82,75,24.16
Betsiamites,59.0,48.94,-68.65,93,90,9.17
Saint Paul Harbor,57.2,57.79,-152.41,76,90,10.29
Acatlán,55.24,20.15,-98.45,94,15,2.64
Sirsa,98.1,29.53,75.02,34,0,2.06
Deep River,68.0,46.1,-77.5,72,20,3.96
Coquimbo,50.0,-29.95,-71.34,93,5,3.33
Chokurdakh,67.68,70.63,147.92,30,48,15.48
Ribeira Grande,68.43,38.52,-28.7,80,11,10.02
Myitkyina,75.81,25.38,97.4,97,100,0.22
Churapcha,82.54,62.0,132.43,39,50,9.28
Paamiut,42.17,61.99,-49.67,88,0,7.2
Ouésso,68.92,1.61,16.05,95,100,2.91
Walvis Bay,47.59,-22.96,14.51,93,0,9.17
Barrow,37.4,71.29,-156.79,78,90,11.41
General Roca,35.6,-39.03,-67.58,80,45,2.24
Thompson,64.4,55.74,-97.86,88,75,4.7
Hirara,90.66,24.8,125.28,66,40,17.22
Damietta,77.0,31.42,31.81,83,1,6.93
Kapaa,80.62,22.08,-159.32,74,75,13.87
Ouadda,67.75,8.08,22.4,96,91,7.25
Tazovsky,45.55,67.47,78.7,85,100,19.22
Mikhaylovka,73.0,50.06,43.24,65,55,6.13
Rawson,37.4,-43.3,-65.1,75,0,16.15
Tefé,72.97,-3.35,-64.71,96,87,1.74
Mindelo,78.8,16.89,-24.98,88,40,9.53
Butaritari,80.64,3.07,172.79,78,99,9.33
Garden City,72.39,42.33,-83.33,64,20,3.36
Sørland,52.88,67.67,12.69,87,17,10.96
Salalah,80.6,17.02,54.09,94,90,9.17
Avarua,71.6,-21.21,-159.78,56,100,9.17
Kavaratti,83.17,10.57,72.64,77,100,9.1
Port Alfred,54.57,-33.59,26.89,49,8,28.7
Jamestown,65.66,42.1,-79.24,77,1,6.93
Talnakh,55.4,69.49,88.4,87,75,6.71
Houma,74.98,29.6,-90.72,94,1,3.36
Colesberg,36.46,-30.72,25.1,77,95,23.15
Ponta Delgada,66.2,37.73,-25.67,82,20,6.93
Longyearbyen,48.2,78.22,15.64,70,75,4.7
Sitka,55.4,57.05,-135.33,87,90,9.17
São Filipe,77.68,14.9,-24.5,84,32,3.24
Candelaria,88.83,13.93,121.42,60,100,5.12
Ipinda,65.21,-9.48,33.9,71,21,2.26
Cairns,76.66,-16.92,145.77,38,71,13.87
Eyl,79.77,7.98,49.82,58,100,21.05
Torbay,65.91,47.67,-52.73,93,75,12.75
Vanavara,78.93,60.34,102.28,44,14,4.74
Hobyo,76.98,5.35,48.53,77,37,20.83
Qaanaaq,42.33,77.48,-69.36,70,1,3.6
Bredasdorp,46.4,-34.53,20.04,93,99,13.87
Yulara,59.0,-25.24,130.99,33,0,11.41
Northam,57.99,51.03,-4.22,100,100,1.99
Zhuhai,90.75,22.28,113.57,66,20,6.93
Port Hardy,60.8,50.7,-127.42,77,20,9.17
Acapulco de Juárez,84.2,16.86,-99.89,79,5,2.24
Haines Junction,60.21,60.75,-137.51,42,100,7.74
Tasiilaq,44.6,65.61,-37.64,75,60,4.7
Ketchikan,59.7,55.34,-131.65,77,90,11.41
Sistranda,50.0,63.73,8.83,81,100,4.7
Lebu,47.46,-37.62,-73.65,76,2,1.86
Arrecife,71.6,28.96,-13.55,78,33,13.87
Baní,84.99,18.28,-70.33,81,24,3.0
Vila Velha,69.8,-20.33,-40.29,94,0,3.36
Samaná,79.65,19.21,-69.34,90,0,6.53
Khandyga,82.47,62.67,135.6,47,8,6.69
Beringovskiy,53.01,63.05,179.32,82,76,8.01
Hong Kong,89.89,22.29,114.16,66,25,5.99
Clyde River,46.4,70.47,-68.59,81,1,5.82
Jaciara,72.81,-15.97,-54.97,51,6,0.76
Mundo Nuevo (Ojo de Agua),82.33,18.7,-95.5,79,0,10.27
Corn Island,82.02,12.17,-83.04,81,65,13.76
Khovu-Aksy,53.71,51.13,93.6,87,100,0.63
Torrington,69.76,41.8,-73.12,81,2,5.99
Arraial do Cabo,73.24,-22.97,-42.03,69,12,3.98
Los Llanos de Aridane,69.8,28.66,-17.92,77,20,13.87
Kautokeino,49.98,69.01,23.04,76,0,8.97
Lavrentiya,50.72,65.58,-171.0,62,10,8.81
Grand Gaube,68.0,-20.01,57.66,82,0,4.0
Mount Gambier,53.6,-37.83,140.77,76,0,12.75
Berbera,90.9,10.44,45.01,40,79,26.62
Kushima,78.08,31.46,131.23,78,75,12.75
Hamilton,73.99,39.18,-84.53,60,20,6.93
Frontera,92.44,26.93,-101.45,23,0,11.92
Igarka,59.65,67.47,86.58,70,53,15.32
Hefei,77.0,31.86,117.28,94,40,4.47
Fare,79.97,-16.7,-151.02,77,100,9.98
Pevek,45.09,69.7,170.31,68,11,5.28
Ancud,37.13,-41.87,-73.82,100,100,2.24
Huarmey,62.11,-10.07,-78.15,84,0,6.24
Margate,61.59,51.38,1.39,79,100,7.09
Mil'kovo,77.02,54.72,158.62,57,19,2.35
Tarquinia,59.0,42.25,11.76,59,95,11.3
Port Augusta,51.8,-32.5,137.77,87,40,4.7
Chimbote,61.23,-9.09,-78.58,88,12,5.41
Mossendjo,63.43,-2.95,12.73,98,98,2.24
Rocha,38.32,-34.48,-54.33,73,0,11.5
Broome,63.1,42.25,-75.83,77,1,5.82
Ubari,73.62,26.59,12.78,33,0,8.59
Manokwari,83.44,-0.87,134.08,72,49,9.57
San Quintín,70.43,30.48,-115.95,76,4,9.82
New Norfolk,45.91,-42.78,147.06,87,14,1.63
Faanui,79.23,-16.48,-151.75,81,87,14.12
Cabo San Lucas,84.58,22.89,-109.91,69,5,6.93
Boulder City,104.65,35.98,-114.83,9,1,16.11
Saint-Philippe,59.77,-21.36,55.77,68,66,4.7
Berlevåg,46.4,70.86,29.09,75,75,8.05
Khatanga,73.45,71.97,102.5,38,78,12.06
Bethel,71.94,41.37,-73.41,64,20,3.36
Vila Franca do Campo,66.2,37.72,-25.43,82,20,6.93
Lüderitz,55.4,-26.65,15.16,66,0,13.87
Lompoc,58.87,34.64,-120.46,77,20,11.41
Belaya Gora,69.93,68.53,146.42,43,100,11.92
Zaysan,71.96,47.47,84.87,41,0,7.34
Valkeala,50.41,60.94,26.8,93,0,4.7
Denpasar,82.4,-8.65,115.22,88,20,20.8
Comodoro Rivadavia,33.8,-45.87,-67.5,64,0,9.17
Ilulissat,44.6,69.22,-51.1,87,100,6.93
Kahului,80.01,20.89,-156.47,45,40,25.28
Bagdarin,71.82,54.43,113.6,67,35,4.5
Nhulunbuy,80.6,-12.23,136.77,57,75,19.46
Balma,62.6,43.61,1.5,59,73,6.93
Carnarvon,73.4,-24.87,113.63,73,75,12.75
Korla,82.11,41.76,86.15,19,45,7.85
Tiksi,41.94,71.69,128.87,94,100,7.83
Vardø,46.4,70.37,31.11,93,75,6.93
Alofi,75.2,-19.06,-169.92,60,75,19.46
Itarema,75.18,-2.92,-39.92,78,25,10.47
Keffi,73.4,8.85,7.87,88,75,3.36
Tocopilla,57.88,-22.09,-70.2,62,0,4.61
Ridgecrest,97.92,35.62,-117.67,4,1,23.04
Terney,67.62,45.05,136.61,71,49,5.77
Chunhuhub,76.62,19.55,-88.68,78,97,4.92
Hobart,48.63,-42.88,147.33,70,75,6.93
Ca Mau,87.73,9.18,105.15,67,90,9.26
Aklavik,69.8,68.22,-135.01,37,75,6.93
Igrim,59.56,63.19,64.42,55,61,5.08
Bellavista,69.76,-7.06,-76.59,95,56,1.28
Provideniya,50.0,64.38,-173.3,76,90,11.18
Forsytheganj,49.82,52.63,29.73,91,21,9.91
East London,57.61,-33.02,27.91,44,0,27.4
Sol'-Iletsk,78.85,51.16,54.99,57,0,11.45
Nanortalik,43.84,60.14,-45.24,93,100,3.87
Mahébourg,68.0,-20.41,57.7,88,20,5.82
Bambous Virieux,68.0,-20.34,57.76,88,20,5.82
Iquitos,75.07,-3.75,-73.25,83,59,2.21
Port Lincoln,58.17,-34.73,135.87,64,0,10.69
Marrakesh,75.2,31.63,-8.01,64,20,5.82
Long Xuyen,86.31,10.38,105.42,71,52,7.4
Lagoa,68.32,39.05,-27.98,79,7,8.59
Esperance,50.0,-33.87,121.9,93,40,19.46
Tuatapere,48.24,-46.13,167.68,75,72,6.35
Chicama,63.32,-7.84,-79.15,83,42,5.59
Hualmay,61.36,-11.1,-77.61,84,0,7.16
Codrington,55.92,-38.27,141.97,69,1,8.08
Urubichá,72.93,-15.38,-62.95,72,15,0.2
Qaqortoq,50.0,60.72,-46.03,81,100,6.93
Lagunas,72.66,-5.23,-75.68,95,80,0.74
San Rafael,40.06,-34.62,-68.33,71,36,2.19
Cayenne,78.8,4.93,-52.33,94,1,6.91
Isangel,82.4,-19.55,169.27,65,75,6.93
Nortelândia,74.21,-14.45,-56.8,49,0,2.08
Fredericton,66.42,45.95,-66.67,100,90,4.7
Xining,69.44,36.62,101.77,48,0,0.98
Vanimo,84.2,-2.67,141.3,69,64,7.31
Matara,82.56,5.95,80.54,80,100,9.71
Alcanede,63.91,39.41,-8.82,48,0,11.01
Klaksvík,48.2,62.23,-6.59,100,96,6.93
Touros,69.8,-5.2,-35.46,88,0,3.36
Constitución,52.23,-35.33,-72.42,75,74,5.44
Mar del Plata,41.0,-38.0,-57.56,56,0,13.87
Malanje,55.89,-9.54,16.34,91,29,2.48
Mahon,68.0,39.89,4.27,88,1,5.82
Kavieng,83.62,-2.57,150.8,71,97,7.96
Cidreira,51.17,-30.18,-50.21,69,0,15.17
Malbork,48.0,54.04,19.03,100,0,2.24
Holme,56.28,56.11,10.17,82,98,2.24
Conakry,78.8,9.54,-13.68,94,75,4.7
Bariloche,26.6,-41.15,-71.31,73,40,4.7
Altamira,72.91,-3.2,-52.21,84,68,1.25
Nizhniy Kuranakh,80.22,58.84,125.49,59,50,5.68
Zhezkazgan,71.6,47.8,67.71,40,0,20.13
Namatanai,84.13,-3.67,152.43,70,100,6.46
Nuuk,39.2,64.18,-51.72,100,82,6.93
Santa Luzia,64.42,-19.77,-43.85,68,0,4.7
Victor Harbor,53.01,-35.57,138.62,91,0,5.12
Kākori,78.8,26.88,80.8,88,75,3.36
Makakilo City,85.44,21.35,-158.09,48,75,9.17
Lyuban',49.03,52.8,28.0,91,0,7.9
Ullapool,51.01,57.9,-5.16,95,100,3.0
Geraldton,62.6,-28.77,114.6,77,90,11.41
Pisco,59.88,-13.7,-76.22,93,90,1.12
Waipawa,53.11,-41.41,175.52,71,19,3.36
Kulhudhuffushi,83.84,6.62,73.07,73,74,7.45
Carauari,72.66,-4.88,-66.9,95,96,1.36
Kaitangata,52.0,-46.28,169.85,61,71,4.0
Gizo Government Station,84.61,-8.1,156.84,68,100,3.53
Palmer,67.26,42.16,-72.33,94,40,2.17
Kununurra,71.6,-15.77,128.73,18,0,11.41
Mossamedes,60.98,-15.2,12.15,81,0,1.74
Port Hedland,78.8,-20.32,118.57,15,0,13.87
Kruisfontein,46.9,-34.0,24.73,78,89,24.81
Acarí,62.33,-15.43,-74.62,58,18,1.54
Grand-Lahou,75.69,5.14,-5.02,84,100,10.71
Mersin Province,77.0,36.86,34.65,100,40,2.24
Manizales,54.21,5.07,-75.52,93,100,5.08
Yunhe,79.23,34.08,119.72,72,78,4.14
Chardara,82.06,41.25,67.97,38,0,6.62
Las Vegas,104.63,36.17,-115.14,8,1,23.04
Kieta,84.22,-6.22,155.63,68,89,3.98
Auki,85.64,-8.77,160.7,63,100,3.02
Kutum,76.15,14.2,24.67,57,12,5.91
Samarai,79.38,-10.62,150.67,86,81,9.98
Verkhoyansk,73.9,67.54,133.38,41,77,10.87
Mehamn,46.4,71.04,27.85,75,75,8.05
Narsaq,50.0,60.92,-46.05,81,100,6.93
Sambava,66.15,-14.27,50.17,83,78,6.85
Saint-Pierre,60.42,-21.34,55.48,68,1,4.7
Saint George,103.39,37.1,-113.58,10,1,19.46
Taos,72.95,36.41,-105.57,29,1,16.11
Bismarck,71.53,46.81,-100.78,41,1,16.11
Weligama,82.51,5.97,80.42,81,100,9.46
Nemuro,66.2,43.32,145.57,82,75,4.7
Carutapera,74.52,-1.2,-46.02,94,12,5.46
Port Blair,83.39,11.67,92.75,75,79,14.67
Powell River,70.03,49.85,-124.54,49,20,6.93
Xichang,74.19,27.9,102.26,69,100,4.0
Hambantota,78.8,6.12,81.12,100,40,5.82
Oranzherei,75.04,45.85,47.57,83,90,4.47
Warangal,78.31,18.0,79.58,86,100,3.87
Malé,82.4,4.17,73.51,100,75,4.7
Ginda,73.09,30.69,78.49,72,15,2.26
Ayna,58.12,-12.65,-73.92,59,6,2.68
Dalby,57.0,-27.18,151.27,50,9,8.01
Acaraú,75.36,-2.89,-40.12,77,30,10.49
Jumla,69.42,29.27,82.18,57,80,1.74
Tezu,89.04,27.92,96.17,54,81,3.33
Saldanha,50.0,-33.01,17.94,81,87,11.41
Loreto,69.93,22.27,-101.97,36,0,17.52
Concordia,39.0,-31.39,-58.02,86,0,4.81
Aswān,78.6,24.09,32.91,23,3,7.72
Kédougou,72.55,12.56,-12.17,92,100,3.04
Vacaria,45.0,-28.51,-50.93,81,17,4.07
Marabu,84.11,4.41,114.01,79,40,2.24
Zavyalovo,66.2,54.51,82.45,82,38,2.24
Asău,48.99,46.43,26.4,89,18,3.6
Misratah,74.79,32.38,15.09,81,0,5.08
Gumdag,87.71,39.21,54.59,36,5,3.38
Kumul,81.99,42.8,93.45,25,46,1.1
Necochea,39.0,-38.55,-58.74,77,57,8.01
Saskylakh,72.64,71.92,114.08,41,22,12.46
Anshun,74.01,26.25,105.93,81,78,15.52
Orange,72.25,33.7,-117.77,69,40,11.41
Oranjemund,53.01,-28.55,16.43,76,8,7.72
Pokhara,79.47,28.23,83.98,74,22,3.22
Villaviciosa,60.48,43.48,-5.44,82,100,3.62
Havre-St-Pierre,55.4,50.23,-63.6,71,90,12.75
Sevnica,49.23,46.01,15.32,93,99,2.55
Banda Aceh,83.7,5.56,95.32,71,86,2.13
Fortuna,59.61,40.6,-124.16,72,1,11.41
Santa Cruz de la Sierra,73.4,-17.8,-63.17,94,75,4.7
Alice Springs,53.51,-23.7,133.88,47,0,12.75
Poum,73.8,-20.23,164.02,78,62,17.31
Xai-Xai,59.4,-25.05,33.64,51,0,12.44
Ileza,58.84,61.05,43.9,99,100,3.24
Troitskoye,69.44,52.98,84.68,79,100,6.29
Turukhansk,54.54,65.82,87.98,94,99,13.04
Souillac,68.0,-20.52,57.52,88,20,5.82
Anadyr,50.0,64.75,177.48,87,75,13.42
Shingū,77.0,33.73,135.98,100,75,10.29
Dubti,87.94,11.74,41.09,40,21,13.27
Tateyama,74.03,34.98,139.87,100,90,10.29
Mizdah,65.68,31.45,12.98,74,0,4.18
Omsukchan,70.3,62.53,155.8,51,39,5.84
Thinadhoo,84.97,0.53,72.93,68,4,6.15
Jacareacanga,73.6,-6.22,-57.75,90,82,0.56
Toora-Khem,62.29,52.47,96.11,86,100,3.74
Meulaboh,84.65,4.14,96.13,63,76,2.57
Banjar,82.4,-8.19,114.97,88,20,20.8
Krasnoshchekovo,63.72,51.67,82.73,91,100,6.24
Grindavik,48.2,63.84,-22.43,93,75,9.17
Columbus,71.67,39.96,-83.0,64,20,4.7
Prince Rupert,60.8,54.32,-130.32,67,90,4.7
Shihezi,82.62,44.3,86.03,23,0,4.76
Garoowe,74.84,8.41,48.48,64,94,22.15
Santiago del Estero,49.8,-27.8,-64.26,50,0,7.0
Harar,58.91,9.31,42.13,90,68,7.87
Mana,77.58,5.66,-53.78,85,10,6.98
Tilichiki,55.49,60.47,166.1,82,89,9.53
Stillwater,80.42,36.12,-97.06,74,1,12.75
Bouna,71.08,9.27,-3.0,96,100,7.99
East Angus,68.0,45.48,-71.67,88,75,2.53
Manoel Urbano,71.73,-8.84,-69.26,94,96,1.52
Dolores,35.24,-36.31,-57.68,80,0,10.63
Puerto Colombia,82.4,10.99,-74.95,83,20,5.82
Marabba,77.14,12.35,32.18,73,0,12.57
Portland,75.56,45.52,-122.68,29,20,11.41
Amparafaravola,52.0,-17.58,48.22,95,10,1.83
Riverton,82.85,40.52,-111.94,18,1,4.74
Monrovia,75.56,6.3,-10.8,89,100,13.29
Sayyan,64.63,15.17,44.32,58,52,2.35
Fort Nelson,62.6,58.81,-122.7,77,75,10.29
Árvore,72.1,41.34,-8.72,64,84,9.17
Chu,85.77,43.6,73.76,22,65,12.93
Aykhal,75.2,66.0,111.5,38,0,11.18
Padang,81.99,-0.95,100.35,64,100,2.1
Etchojoa,90.88,26.92,-109.63,61,66,11.01
Nizhniy Odes,55.53,63.64,54.86,66,99,5.99
Nchelenge,60.33,-9.35,28.73,64,1,5.06
Tagusao,86.0,9.19,117.81,66,100,1.88
Hofn,50.38,64.25,-15.21,84,100,5.88
Houlton,66.25,46.13,-67.84,93,40,5.97
Avonbridge,51.71,55.93,-3.74,89,2,5.01
Am Timan,71.87,11.03,20.28,92,98,7.27
‘Āhuimanu,82.62,21.44,-157.84,58,40,10.29
Jiwani,83.97,25.05,61.74,74,2,8.28
Arvika,54.25,59.66,12.59,93,100,5.82
Blagoyevo,57.4,63.37,47.92,91,100,7.74
Dafeng,90.36,23.45,108.59,59,48,5.46
Kroya,83.39,-7.63,109.25,72,37,8.12
Port Shepstone,56.61,-30.74,30.45,65,0,7.38
Tighina,57.2,46.83,29.47,67,0,9.17
Naryan-Mar,50.0,67.67,53.09,73,89,4.99
Tamugan,86.0,7.23,125.38,70,40,3.36
Cervo,57.2,43.67,-7.41,88,50,5.79
Kousséri,82.4,12.08,15.03,74,20,8.05
Saint-Joseph,60.98,-21.37,55.62,68,32,4.7
Tevaitoa,79.88,-16.78,-151.5,79,85,15.46
Wilkie,55.99,52.42,-108.7,90,100,4.0
Khorramshahr,93.2,30.44,48.17,30,0,9.17
Nybro,52.43,56.74,15.91,93,30,3.36
Bathsheba,82.4,13.22,-59.52,78,20,14.99
Villacarrillo,70.92,38.12,-3.08,51,62,2.84
Tuyen Quang,91.69,21.82,105.22,61,45,2.26
Drayton Valley,60.01,53.22,-114.99,66,100,11.99
Moengo,73.15,5.62,-54.4,94,6,1.68
Iqaluit,57.09,63.75,-68.51,50,20,10.29
Cochrane,61.05,51.18,-114.47,36,20,18.34
Baley,73.04,51.6,116.63,78,68,5.32
Vrangel',65.5,42.73,133.08,74,14,7.34
Tessalit,91.58,20.2,1.01,19,0,12.06
Egvekinot,47.35,66.32,-179.17,74,96,3.4
Tazmalt,75.2,36.39,4.4,88,40,3.36
Gander,69.39,48.97,-54.59,83,75,10.29
Alyangula,77.0,-13.85,136.42,53,40,12.75
Saint Andrews,79.95,34.05,-81.13,69,40,3.36
Watsa,62.85,3.04,29.54,100,99,2.3
Quatre Cocos,68.0,-20.21,57.76,88,20,5.82
Yangi Marg`ilon,77.0,40.43,71.72,50,76,2.24
Ugento,68.63,39.93,18.16,88,5,13.87
Tolaga Bay,53.87,-38.37,178.3,90,99,6.29
Yiyang,85.51,28.59,112.33,74,100,1.95
Caravelas,69.87,-17.71,-39.25,91,0,4.99
Tsimmerbude,51.8,54.67,20.13,93,75,2.24
Maceió,71.6,-9.67,-35.74,94,75,3.36
Naifaru,83.82,5.44,73.37,73,60,7.43
Ciudad Bolivar,79.03,8.12,-63.55,80,100,8.81
Nizhniy Baskunchak,83.8,48.22,46.83,38,67,6.67
Narón,60.37,43.52,-8.15,87,61,2.24
Puerto Escondido,80.69,15.85,-97.07,77,1,2.42
Plattsburgh,66.6,44.7,-73.45,93,1,4.41
Brunsbüttel,55.44,53.9,9.15,88,63,5.82
Ust-Tsilma,59.14,65.44,52.15,60,95,4.03
Sibu,78.31,2.3,111.82,88,75,3.36
Burns Lake,62.71,54.23,-125.75,47,53,6.26
Kanashevo,71.6,55.22,62.06,64,8,4.47
Tinosu,59.0,44.82,26.02,77,1,4.7
Rumoi,71.1,43.93,141.64,70,53,4.59
Øksfjord,51.17,70.24,22.35,81,26,5.82
Fukuechō,75.2,32.69,128.84,83,75,6.93
Dryden,64.4,49.78,-92.75,82,90,13.87
Beitbridge,52.32,-22.22,30.0,42,0,11.5
Keshorai Pātan,88.84,25.3,75.93,61,80,10.65
Diffa,84.79,13.32,12.61,53,6,9.51
Aquiraz,77.0,-3.9,-38.39,83,33,3.36
Bridlington,54.63,54.08,-0.19,87,14,5.82
Qasigiannguit,44.6,68.82,-51.19,87,99,6.93
Zenzeli,80.51,45.92,47.05,63,90,15.05
Rio Grande,41.0,-32.03,-52.1,77,0,14.9
Faya,68.9,18.39,42.45,40,2,5.82
Guerrero Negro,71.31,27.98,-114.06,72,0,16.64
Mahon,68.0,39.89,4.27,88,1,5.82
Shimanovsk,95.18,52.0,127.7,29,10,4.81
Boa Vista,78.8,2.82,-60.67,83,20,1.12
Belyy Yar,68.0,53.6,91.39,77,75,6.71
El Real de Santa Maria,74.91,8.11,-77.73,93,100,1.66
Bethanien,40.33,-26.5,17.16,92,53,4.47
Evensk,56.57,61.95,159.23,86,54,9.19
Ulety,80.22,51.36,112.48,47,0,0.6
Rundu,44.13,-17.93,19.77,43,0,3.22
Emmen,54.36,52.78,6.91,93,90,4.36
The Valley,83.71,18.22,-63.06,79,40,9.17
Redcar,52.63,54.62,-1.06,83,0,3.0
Sioux Lookout,75.2,50.1,-91.92,47,90,9.17
Mucuri,71.44,-18.09,-39.55,87,4,7.38
Chesley,62.33,44.3,-81.1,89,0,2.62
Yeniseysk,76.12,58.45,92.17,51,46,3.22
Baruun-Urt,78.42,46.68,113.28,45,55,3.09
Bud,69.22,39.45,-86.18,81,0,5.3
Loandjili,69.91,-4.76,11.86,89,1,5.41
Bristol,71.17,41.83,-71.17,88,1,3.76
Katsuura,74.43,35.13,140.3,100,90,10.29
Gubkinskiy,57.78,64.43,76.5,58,46,19.91
Merauke,81.57,-8.47,140.33,77,96,13.33
Kiryat Gat,71.64,31.61,34.76,70,0,1.01
Yatou,74.34,37.15,122.38,65,76,10.4
Lerwick,51.8,60.15,-1.15,100,100,13.87
Chikwawa,58.55,-16.03,34.8,84,0,1.34
Lock Haven,66.76,41.14,-77.45,56,20,5.82
Abu Samrah,70.68,35.3,37.18,73,0,9.22
Taltal,53.83,-25.4,-70.48,74,24,1.66
Upington,37.35,-28.45,21.26,83,1,9.6
Kalmunai,84.25,7.42,81.82,68,89,8.72
Tadine,75.65,-21.55,167.88,74,100,8.5
Bireun,83.66,5.2,96.7,62,84,1.34
Maraã,72.9,-1.83,-65.37,94,71,1.66
Mt. Pleasant,77.22,32.79,-79.86,83,40,8.93
Itoman,89.42,26.12,127.67,79,40,9.17
Husavik,50.0,66.04,-17.34,93,90,2.24
Leningradskiy,41.22,69.38,178.42,80,100,11.63
Saint Anthony,80.08,45.02,-93.22,57,90,13.87
Jaisalmer,89.51,26.91,70.92,56,0,13.04
Karlovasi,75.2,37.79,26.7,53,2,17.22
Visby,49.32,57.64,18.3,100,89,2.24
Zhangaözen,88.12,43.3,52.8,23,0,12.82
Srednekolymsk,70.38,67.45,153.68,30,79,10.42
Mahanoro,64.31,-19.9,48.8,89,0,3.65
Sarakhs,78.8,36.54,61.16,41,40,3.62
Ixtapa,86.0,20.7,-105.2,74,75,8.05
Atotonilco el Alto,66.16,20.55,-102.52,72,5,1.03
Shunyi,86.65,40.12,116.65,58,0,2.24
Psebay,60.64,44.12,40.81,80,7,5.46
Nabire,85.71,-3.37,135.48,64,80,4.29
North Platte,65.53,41.12,-100.77,88,90,21.92
Cobija,73.81,-11.03,-68.77,79,2,1.74
Pangody,55.2,65.85,74.49,61,89,17.38
Chino Valley,89.19,34.76,-112.45,22,1,8.05
Beloha,57.47,-25.17,45.05,93,20,2.64
Altar,93.0,30.7,-111.82,39,18,1.01
Nikolskoye,50.04,59.7,30.79,87,0,6.71
Talara,63.84,-4.58,-81.27,86,84,16.71
Barra dos Coqueiros,75.2,-10.91,-37.04,88,40,2.24
Ahipara,62.15,-35.17,173.17,69,79,7.47
Laguna,83.28,38.42,-121.42,37,1,10.29
Marshall,74.97,34.38,-86.33,78,1,2.28
Salinópolis,78.33,-0.61,-47.36,86,33,11.34
Lorengau,84.24,-2.02,147.27,68,22,5.59
Timrå,47.07,62.49,17.33,100,10,3.36
Togur,70.63,58.36,82.83,68,23,7.74
Ada,78.6,43.42,-116.13,12,1,13.87
Grand-Santi,71.33,4.25,-54.38,93,0,2.53
Hithadhoo,84.31,-0.6,73.08,72,100,8.21
Manaure,81.97,11.78,-72.44,75,1,14.94
Mastic Beach,74.23,40.77,-72.85,83,1,8.72
Hay River,55.4,60.82,-115.8,93,90,21.92
Smithers,66.2,54.78,-127.17,39,40,6.93
Ajdabiya,72.61,30.76,20.23,64,0,9.86
Broken Hill,50.0,-31.95,141.43,76,0,9.17
Nicoya,75.02,10.15,-85.45,90,100,1.1
Hede,78.82,33.77,120.25,71,100,4.85
Mezen',53.11,65.85,44.24,80,100,7.05
San Rafael del Sur,78.8,11.85,-86.44,94,40,6.93
Lac-Mégantic,64.35,45.58,-70.88,88,75,1.92
Pierre,78.84,44.37,-100.35,69,1,5.82
Limbang,82.2,4.75,115.0,83,75,3.36
Daru,78.4,-9.08,143.21,87,89,16.75
Quelimane,57.7,-17.88,36.89,89,0,3.27
Sydney,58.41,-33.87,151.21,77,40,28.86
Bida,71.73,9.08,6.02,96,100,3.53
Nantucket,69.93,41.28,-70.1,100,90,9.17
Flin Flon,58.95,54.77,-101.86,71,85,12.73
Obo,66.06,5.4,26.49,98,91,3.24
Nishihara,89.4,26.18,127.76,79,40,9.17
Avera,78.44,33.19,-82.53,94,40,4.07
Kasongo-Lunda,67.78,-6.47,16.82,70,66,2.06
Mabay,87.8,6.06,124.47,58,20,4.7
Naze,88.72,28.37,129.48,70,75,12.75
Aloleng,85.21,16.13,119.78,64,94,3.58
Abhā,68.85,18.22,42.51,40,0,5.82
Udachny,75.2,66.42,112.4,38,7,11.18
Anchorage,67.24,61.22,-149.9,40,75,8.05
Niono,77.63,14.25,-5.99,74,99,11.36
Piaçabuçu,73.47,-10.41,-36.43,89,5,5.23
Ugoofaaru,83.98,5.67,73.0,72,20,6.64
Torbat-e Jām,85.82,35.24,60.62,17,0,11.07
Meïganga,63.93,6.52,14.3,97,100,3.13
